"ID","Title","Post Type","district_code","province_id"
"1017","Quận Ba Đình","district","00001","347"
"1018","Quận Hoàn Kiếm","district","00002","347"
"1019","Quận Tây Hồ","district","00003","347"
"1020","Quận Long Biên","district","00004","347"
"1021","Quận Cầu Giấy","district","00005","347"
"1022","Quận Đống Đa","district","00006","347"
"1023","Quận Hai Bà Trưng","district","00007","347"
"1024","Quận Hoàng Mai","district","00008","347"
"1025","Quận Thanh Xuân","district","00009","347"
"1026","Huyện Sóc Sơn","district","00010","347"
"1027","Huyện Đông Anh","district","00011","347"
"1028","Huyện Gia Lâm","district","00012","347"
"1029","Quận Nam Từ Liêm","district","00013","347"
"1030","Huyện Thạnh Trị","district","00014","399"
"1031","Quận Bắc Từ Liêm","district","00015","347"
"1032","Huyện Mê Linh","district","00016","347"
"1033","Quận Hà Đông","district","00017","347"
"1034","Thị xã Sơn Tây","district","00018","347"
"1035","Huyện Ba Vì","district","00019","347"
"1036","Huyện Phúc Thọ","district","00020","347"
"1037","Huyện Đan Phượng","district","00021","347"
"1038","Huyện Hoài Đức","district","00022","347"
"1039","Huyện Quốc Oai","district","00023","347"
"1040","Huyện Thạch Thất","district","00024","347"
"1041","Huyện Chương Mỹ","district","00025","347"
"1042","Huyện Thanh Oai","district","00026","347"
"1043","Huyện Thường Tín","district","00027","347"
"1044","Huyện Phú Xuyên","district","00028","347"
"1045","Huyện Ứng Hòa","district","00029","347"
"1046","Huyện Mỹ Đức","district","00030","347"
"1047","Thị xã Hà Giang","district","00031","348"
"1048","Huyện Đồng Văn","district","00032","348"
"1049","Huyện Mèo Vạc","district","00033","348"
"1050","Huyện Yên Minh","district","00034","348"
"1051","Huyện Quản Bạ","district","00035","348"
"1052","Huyện Vị Xuyên","district","00036","348"
"1053","Huyện Bắc Mê","district","00037","348"
"1054","Huyện Hoàng Su Phì","district","00038","348"
"1055","Huyện Xín Mần","district","00039","348"
"1056","Huyện Bắc Quang","district","00040","348"
"1057","Huyện Quang Bình","district","00041","348"
"1058","TP Cao Bằng","district","00042","349"
"1059","Huyện Bảo Lâm","district","00043","390"
"1060","Huyện Bảo Lạc","district","00044","349"
"1061","Huyện Thông Nông","district","00045","349"
"1062","Huyện Hà Quảng","district","00046","349"
"1063","Huyện Trà Lĩnh","district","00047","349"
"1064","Huyện Trùng Khánh","district","00048","349"
"1065","Huyện Hạ Lang","district","00049","349"
"1066","Huyện Quảng Uyên","district","00050","349"
"1067","Huyện Phục Hoà","district","00051","349"
"1068","Huyện Hoà An","district","00052","349"
"1069","Huyện Nguyên Bình","district","00053","349"
"1070","Huyện Thạch An","district","00054","349"
"1071","TP Bắc Kạn","district","00055","350"
"1072","Huyện Pác Nặm","district","00056","350"
"1073","Huyện Ba Bể","district","00057","350"
"1074","Huyện Ngân Sơn","district","00058","350"
"1075","Huyện Bạch Thông","district","00059","350"
"1076","Huyện Chợ Đồn","district","00060","350"
"1077","Huyện Chợ Mới","district","00061","374"
"1078","Huyện Na Rì","district","00062","350"
"1079","TP Tuyên Quang","district","00063","351"
"1080","Huyện Lâm Bình","district","00064","351"
"1081","Huyện Nà Hang","district","00065","351"
"1082","Huyện Chiêm Hóa","district","00066","351"
"1083","Huyện Hàm Yên","district","00067","351"
"1084","Huyện Yên Sơn","district","00068","351"
"1085","Huyện Sơn Dương","district","00069","351"
"1086","TP Lào Cai","district","00070","352"
"1087","Huyện Bát Xát","district","00071","352"
"1088","Huyện Mường Khương","district","00072","352"
"1089","Huyện Si Ma Cai","district","00073","352"
"1090","Huyện Bắc Hà","district","00074","352"
"1091","Huyện Bảo Thắng","district","00075","352"
"1092","Huyện Bảo Yên","district","00076","352"
"1093","Huyện Sa Pa","district","00077","352"
"1094","Huyện Văn Bàn","district","00078","352"
"1095","TP Điện Biên Phủ","district","00079","353"
"1096","Thị Xã Mường Lay","district","00080","353"
"1097","Huyện Mường Nhé","district","00081","353"
"1098","Huyện Mường Chà","district","00082","353"
"1099","Huyện Tủa Chùa","district","00083","353"
"1100","Huyện Tuần Giáo","district","00084","353"
"1101","Huyện Điện Biên","district","00085","353"
"1102","Huyện Điện Biên Đông","district","00086","353"
"1103","Huyện Mường Ảng","district","00087","353"
"1104","Huyện Nậm Pồ","district","00088","353"
"1105","TP Lai Châu","district","00089","354"
"1106","Huyện Tam Đường","district","00090","354"
"1107","Huyện Mường Tè","district","00091","354"
"1108","Huyện Sìn Hồ","district","00092","354"
"1109","Huyện Phong Thổ","district","00093","354"
"1110","Huyện Than Uyên","district","00094","354"
"1111","Huyện Tân Uyên","district","00095","354"
"1112","Huyện Nậm Nhùn","district","00096","354"
"1113","TP Sơn La","district","00097","355"
"1114","Huyện Quỳnh Nhai","district","00098","355"
"1115","Huyện Thuận Châu","district","00099","355"
"1116","Huyện Mường La","district","00100","355"
"1117","Huyện Bắc Yên","district","00101","355"
"1118","Huyện Phù Yên","district","00102","355"
"1119","Huyện Mộc Châu","district","00103","355"
"1120","Huyện Yên Châu","district","00104","355"
"1121","Huyện Mai Sơn","district","00105","355"
"1122","Huyện Sông Mã","district","00106","355"
"1123","Huyện Sốp Cộp","district","00107","355"
"1124","Huyện Vân Hồ","district","00108","355"
"1125","TP Yên Bái","district","00109","356"
"1126","Thị xã Nghĩa Lộ","district","00110","356"
"1127","Huyện Lục Yên","district","00111","356"
"1128","Huyện Văn Yên","district","00112","356"
"1129","Huyện Mù Căng Chải","district","00113","356"
"1130","Huyện Trấn Yên","district","00114","356"
"1131","Huyện Trạm Tấu","district","00115","356"
"1132","Huyện Văn Chấn","district","00116","356"
"1133","Huyện Yên Bình","district","00117","356"
"1134","TP Hòa Bình","district","00118","357"
"1135","Huyện Đà Bắc","district","00119","357"
"1136","Huyện Kỳ Sơn","district","00120","391"
"1137","Huyện Lương Sơn","district","00121","357"
"1138","Huyện Kim Bôi","district","00122","357"
"1139","Huyện Cao Phong","district","00123","357"
"1140","Huyện Tân Lạc","district","00124","357"
"1141","Huyện Mai Châu","district","00125","357"
"1142","Huyện Lạc Sơn","district","00126","357"
"1143","Huyện Yên Thủy","district","00127","357"
"1144","Huyện Lạc Thủy","district","00128","357"
"1145","TP Thái Nguyên","district","00129","358"
"1146","TP Sông Công","district","00130","358"
"1147","Huyện Định Hóa","district","00131","358"
"1148","Huyện Phú Lương","district","00132","358"
"1149","Huyện Đồng Hỷ","district","00133","358"
"1150","Huyện Võ Nhai","district","00134","358"
"1151","Huyện Đại Từ","district","00135","358"
"1152","Thị xã Phổ Yên","district","00136","358"
"1153","Huyện Phú Bình","district","00137","358"
"1154","TP Lạng Sơn","district","00138","359"
"1155","Huyện Tràng Định","district","00139","359"
"1156","Huyện Bình Gia","district","00140","359"
"1157","Huyện Văn Lãng","district","00141","359"
"1158","Huyện Cao Lộc","district","00142","359"
"1159","Huyện Văn Quan","district","00143","359"
"1160","Huyện Bắc Sơn","district","00144","359"
"1161","Huyện Hữu Lũng","district","00145","359"
"1162","Huyện Chi Lăng","district","00146","359"
"1163","Huyện Lộc Bình","district","00147","359"
"1164","Huyện Đình Lập","district","00148","359"
"1165","TP Hạ Long","district","00149","360"
"1166","TP Móng Cái","district","00150","360"
"1167","TP Cẩm Phả","district","00151","360"
"1168","TP Uông Bí","district","00152","360"
"1169","Huyện Bình Liêu","district","00153","360"
"1170","Huyện Tiên Yên","district","00154","360"
"1171","Huyện Đầm Hà","district","00155","360"
"1172","Huyện Hải Hà","district","00156","360"
"1173","Huyện Ba Chẽ","district","00157","360"
"1174","Huyện Vân Đồn","district","00158","360"
"1175","Huyện Hoành Bồ","district","00159","360"
"1176","Thị xã Đông Triều","district","00160","360"
"1177","Thị xã Quảng Yên","district","00161","360"
"1178","Huyện Cô Tô","district","00162","360"
"1179","TP Bắc Giang","district","00163","361"
"1180","Huyện Yên Thế","district","00164","361"
"1181","Huyện Tân Yên","district","00165","361"
"1182","Huyện Lạng Giang","district","00166","361"
"1183","Huyện Lục Nam","district","00167","361"
"1184","Huyện Lục Ngạn","district","00168","361"
"1185","Huyện Sơn Động","district","00169","361"
"1186","Huyện Yên Dũng","district","00170","361"
"1187","Huyện Việt Yên","district","00171","361"
"1188","Huyện Hiệp Hòa","district","00172","361"
"1189","TP Việt Trì","district","00173","362"
"1190","Thị xã Phú Thọ","district","00174","362"
"1191","Huyện Đoan Hùng","district","00175","362"
"1192","Huyện Hạ Hoà","district","00176","362"
"1193","Huyện Thanh Ba","district","00177","362"
"1194","Huyện Phú Ninh","district","00178","372"
"1195","Huyện Yên Lập","district","00179","362"
"1196","Huyện Cẩm Khê","district","00180","362"
"1197","Huyện Tam Nông","district","00181","407"
"1198","Huyện Lâm Thao","district","00182","362"
"1199","Huyện Thanh Sơn","district","00183","362"
"1200","Huyện Thanh Thuỷ","district","00184","362"
"1201","Huyện Tân Sơn","district","00185","362"
"1202","TP Vĩnh Yên","district","00186","363"
"1203","Thị xã Phúc Yên","district","00187","363"
"1204","Huyện Lập Thạch","district","00188","363"
"1205","Huyện Tam Dương","district","00189","363"
"1206","Huyện Tam Đảo","district","00190","363"
"1207","Huyện Bình Xuyên","district","00191","363"
"1208","Huyện Yên Lạc","district","00192","363"
"1209","Huyện Vĩnh Tường","district","00193","363"
"1210","Huyện Sông Lô","district","00194","363"
"1211","TP Bắc Ninh","district","00195","364"
"1212","Huyện Yên Phong","district","00196","364"
"1213","Huyện Quế Võ","district","00197","364"
"1214","Huyện Tiên Du","district","00198","364"
"1215","Thị xã Từ Sơn","district","00199","364"
"1216","Huyện Thuận Thành","district","00200","364"
"1217","Huyện Gia Bình","district","00201","364"
"1218","Huyện Lương Tài","district","00202","364"
"1219","TP Hải Dương","district","00203","365"
"1220","Thị xã Chí Linh","district","00204","365"
"1221","Huyện Nam Sách","district","00205","365"
"1222","Huyện Kinh Môn","district","00206","365"
"1223","Huyện Kim Thành","district","00207","365"
"1224","Huyện Thanh Hà","district","00208","365"
"1225","Huyện Cẩm Giàng","district","00209","365"
"1226","Huyện Bình Giang","district","00210","365"
"1227","Huyện Gia Lộc","district","00211","365"
"1228","Huyện Tứ Kỳ","district","00212","365"
"1229","Huyện Ninh Giang","district","00213","365"
"1230","Huyện Thanh Miện","district","00214","365"
"1231","Quận Hồng Bàng","district","00215","366"
"1232","Quận Ngô Quyền","district","00216","366"
"1233","Quận Lê Chân","district","00217","366"
"1234","Quận Hải An","district","00218","366"
"1235","Quận Kiến An","district","00219","366"
"1236","Quận Đồ Sơn","district","00220","366"
"1237","Quận Dương Kinh","district","00221","366"
"1238","Huyện Thuỷ Nguyên","district","00222","366"
"1239","Huyện An Dương","district","00223","366"
"1240","Huyện An Lão","district","00224","380"
"1241","Huyện Kiến Thuỵ","district","00225","366"
"1242","Huyện Tiên Lãng","district","00226","366"
"1243","Huyện Vĩnh Bảo","district","00227","366"
"1244","Huyện Cát Hải","district","00228","366"
"1245","TP Hưng Yên","district","00229","367"
"1246","Huyện Văn Lâm","district","00230","367"
"1247","Huyện Văn Giang","district","00231","367"
"1248","Huyện Yên Mỹ","district","00232","367"
"1249","Huyện Mỹ Hào","district","00233","367"
"1250","Huyện Ân Thi","district","00234","367"
"1251","Huyện Khoái Châu","district","00235","367"
"1252","Huyện Kim Động","district","00236","367"
"1253","Huyện Tiên Lữ","district","00237","367"
"1254","Huyện Phù Cừ","district","00238","367"
"1255","TP Thái Bình","district","00239","368"
"1256","Huyện Quỳnh Phụ","district","00240","368"
"1257","Huyện Hưng Hà","district","00241","368"
"1258","Huyện Đông Hưng","district","00242","368"
"1259","Huyện Thái Thụy","district","00243","368"
"1260","Huyện Tiền Hải","district","00244","368"
"1261","Huyện Kiến Xương","district","00245","368"
"1262","Huyện Vũ Thư","district","00246","368"
"1263","TP Phủ Lý","district","00247","369"
"1264","Huyện Duy Tiên","district","00248","369"
"1265","Huyện Kim Bảng","district","00249","369"
"1266","Huyện Thanh Liêm","district","00250","369"
"1267","Huyện Bình Lục","district","00251","369"
"1268","Huyện Lý Nhân","district","00252","369"
"1269","TP Nam Định","district","00253","394"
"1270","Huyện Mỹ Lộc","district","00254","394"
"1271","Huyện Vụ Bản","district","00255","394"
"1272","Huyện Ý Yên","district","00256","394"
"1273","Huyện Nghĩa Hưng","district","00257","394"
"1274","Huyện Nam Trực","district","00258","394"
"1275","Huyện Trực Ninh","district","00259","394"
"1276","Huyện Xuân Trường","district","00260","394"
"1277","Huyện Giao Thủy","district","00261","394"
"1278","Huyện Hải Hậu","district","00262","394"
"1279","TP Ninh Bình","district","00263","392"
"1280","TP Tam Điệp","district","00264","392"
"1281","Huyện Nho Quan","district","00265","392"
"1282","Huyện Gia Viễn","district","00266","392"
"1283","Huyện Hoa Lư","district","00267","392"
"1284","Huyện Yên Khánh","district","00268","392"
"1285","Huyện Kim Sơn","district","00269","392"
"1286","Huyện Yên Mô","district","00270","392"
"1287","Thanh Hóa","district","00271","384"
"1288","Thị xã Bỉm Sơn","district","00272","384"
"1289","Thị xã Sầm Sơn","district","00273","384"
"1290","Huyện Mường Lát","district","00274","384"
"1291","Huyện Quan Hóa","district","00275","384"
"1292","Huyện Bá Thước","district","00276","384"
"1293","Huyện Quan Sơn","district","00277","384"
"1294","Huyện Lang Chánh","district","00278","384"
"1295","Huyện Ngọc Lặc","district","00279","384"
"1296","Huyện Cẩm Thủy","district","00280","384"
"1297","Huyện Thạch Thành","district","00281","384"
"1298","Huyện Hà Trung","district","00282","384"
"1299","Huyện Vĩnh Lộc","district","00283","384"
"1300","Huyện Yên Định","district","00284","384"
"1301","Huyện Thọ Xuân","district","00285","384"
"1302","Huyện Thường Xuân","district","00286","384"
"1303","Huyện Triệu Sơn","district","00287","384"
"1304","Huyện Thiệu Hóa","district","00288","384"
"1305","Huyện Hoằng Hóa","district","00289","384"
"1306","Huyện Hậu Lộc","district","00290","384"
"1307","Huyện Nga Sơn","district","00291","384"
"1308","Huyện Như Xuân","district","00292","384"
"1309","Huyện Như Thanh","district","00293","384"
"1310","Huyện Nông Cống","district","00294","384"
"1311","Huyện Đông Sơn","district","00295","384"
"1312","Huyện Quảng Xương","district","00296","384"
"1313","Huyện Tĩnh Gia","district","00297","384"
"1314","TP Vinh","district","00298","391"
"1315","Thị xã Cửa Lò","district","00299","391"
"1316","Thị xã Thái Hoà","district","00300","391"
"1317","Huyện Quế Phong","district","00301","391"
"1318","Huyện Quỳ Châu","district","00302","391"
"1319","Huyện Tương Dương","district","00303","391"
"1320","Huyện Nghĩa Đàn","district","00304","391"
"1321","Huyện Quỳ Hợp","district","00305","391"
"1322","Huyện Quỳnh Lưu","district","00306","391"
"1323","Huyện Con Cuông","district","00307","391"
"1324","Huyện Tân Kỳ","district","00308","391"
"1325","Huyện Anh Sơn","district","00309","391"
"1326","Huyện Diễn Châu","district","00310","391"
"1327","Huyện Yên Thành","district","00311","391"
"1328","Huyện Đô Lương","district","00312","391"
"1329","Huyện Thanh Chương","district","00313","391"
"1330","Huyện Nghi Lộc","district","00314","391"
"1331","Huyện Nam Đàn","district","00315","391"
"1332","Huyện Hưng Nguyên","district","00316","391"
"1333","Thị xã Hoàng Mai","district","00317","391"
"1334","TP Hà Tĩnh","district","00318","385"
"1335","Thị xã Hồng Lĩnh","district","00319","385"
"1336","Huyện Hương Sơn","district","00320","385"
"1337","Huyện Đức Thọ","district","00321","385"
"1338","Huyện Vũ Quang","district","00322","385"
"1339","Huyện Nghi Xuân","district","00323","385"
"1340","Huyện Can Lộc","district","00324","385"
"1341","Huyện Hương Khê","district","00325","385"
"1342","Huyện Thạch Hà","district","00326","385"
"1343","Huyện Cẩm Xuyên","district","00327","385"
"1344","Huyện Kỳ Anh","district","00328","385"
"1345","Huyện Lộc Hà","district","00329","385"
"1346","Thị xã Kỳ Anh","district","00330","385"
"1347","TP Đồng Hới","district","00331","396"
"1348","Huyện Minh Hóa","district","00332","396"
"1349","Huyện Tuyên Hóa","district","00333","396"
"1350","Huyện Quảng Trạch","district","00334","396"
"1351","Huyện Bố Trạch","district","00335","396"
"1352","Huyện Quảng Ninh","district","00336","396"
"1353","Huyện Lệ Thủy","district","00337","396"
"1354","Thị xã Ba Đồn","district","00338","396"
"1355","TP Đông Hà","district","00339","397"
"1356","Thị xã Quảng Trị","district","00340","397"
"1357","Huyện Vĩnh Linh","district","00341","397"
"1358","Huyện Hướng Hóa","district","00342","397"
"1359","Huyện Gio Linh","district","00343","397"
"1360","Huyện Đa Krông","district","00344","397"
"1361","Huyện Cam Lộ","district","00345","397"
"1362","Huyện Triệu Phong","district","00346","397"
"1363","Huyện Hải Lăng","district","00347","397"
"1364","TP Huế","district","00348","401"
"1365","Huyện Phong Điền","district","00349","382"
"1366","Huyện Quảng Điền","district","00350","401"
"1367","Huyện Phú Vang","district","00351","401"
"1368","Thị xã Hương Thủy","district","00352","401"
"1369","Thị xã Hương Trà","district","00353","401"
"1370","Huyện A Lưới","district","00354","401"
"1371","Huyện Phú Lộc","district","00355","401"
"1372","Huyện Nam Đông","district","00356","401"
"1373","Quận Liên Chiểu","district","00357","408"
"1374","Quận Thanh Khê","district","00358","408"
"1375","Quận Hải Châu","district","00359","408"
"1376","Quận Sơn Trà","district","00360","408"
"1377","Quận Ngũ Hành Sơn","district","00361","408"
"1378","Quận Cẩm Lệ","district","00362","408"
"1379","Huyện Hòa Vang","district","00363","408"
"1380","TP Tam Kỳ","district","00364","372"
"1381","TP Hội An","district","00365","372"
"1382","Huyện Tây Giang","district","00366","372"
"1383","Huyện Đông Giang","district","00367","372"
"1384","Huyện Đại Lộc","district","00368","372"
"1385","Thị xã Điện Bàn","district","00369","372"
"1386","Huyện Duy Xuyên","district","00370","372"
"1387","Huyện Quế Sơn","district","00371","372"
"1388","Huyện Nam Giang","district","00372","372"
"1389","Huyện Phước Sơn","district","00373","372"
"1390","Huyện Hiệp Đức","district","00374","372"
"1391","Huyện Thăng Bình","district","00375","372"
"1392","Huyện Tiên Phước","district","00376","372"
"1393","Huyện Bắc Trà My","district","00377","372"
"1394","Huyện Nam Trà My","district","00378","372"
"1395","Huyện Núi Thành","district","00379","372"
"1396","Huyện Nông Sơn","district","00380","372"
"1397","TP Quảng Ngãi","district","00381","373"
"1398","Huyện Bình Sơn","district","00382","373"
"1399","Huyện Trà Bồng","district","00383","373"
"1400","Huyện Tây Trà","district","00384","373"
"1401","Huyện Sơn Tịnh","district","00385","373"
"1402","Huyện Tư Nghĩa","district","00386","373"
"1403","Huyện Sơn Hà","district","00387","373"
"1404","Huyện Sơn Tây","district","00388","373"
"1405","Huyện Minh Long","district","00389","373"
"1406","Huyện Nghĩa Hành","district","00390","373"
"1407","Huyện Mộ Đức","district","00391","373"
"1408","Huyện Đức Phổ","district","00392","373"
"1409","Huyện Ba Tơ","district","00393","373"
"1410","Huyện Lý Sơn","district","00394","373"
"1411","TP Qui Nhơn","district","00395","380"
"1412","Huyện Hoài Nhơn","district","00396","380"
"1413","Huyện Hoài Ân","district","00397","380"
"1414","Huyện Phù Mỹ","district","00398","380"
"1415","Huyện Vĩnh Thạnh","district","00399","382"
"1416","Huyện Tây Sơn","district","00400","380"
"1417","Huyện Phù Cát","district","00401","380"
"1418","Thị xã An Nhơn","district","00402","380"
"1419","Huyện Tuy Phước","district","00403","380"
"1420","Huyện Vân Canh","district","00404","380"
"1421","TP Tuy Hoà","district","00405","395"
"1422","Thị xã Sông Cầu","district","00406","395"
"1423","Huyện Đồng Xuân","district","00407","395"
"1424","Huyện Tuy An","district","00408","395"
"1425","Huyện Sơn Hòa","district","00409","395"
"1426","Huyện Sông Hinh","district","00410","395"
"1427","Huyện Tây Hoà","district","00411","395"
"1428","Huyện Phú Hoà","district","00412","395"
"1429","Huyện Đông Hòa","district","00413","395"
"1430","TP Nha Trang","district","00414","387"
"1431","TP Cam Ranh","district","00415","387"
"1432","Huyện Cam Lâm","district","00416","387"
"1433","Huyện Vạn Ninh","district","00417","387"
"1434","Thị xã Ninh Hòa","district","00418","387"
"1435","Huyện Khánh Vĩnh","district","00419","387"
"1436","Huyện Diên Khánh","district","00420","387"
"1437","Huyện Khánh Sơn","district","00421","387"
"1438","Huyện Trường Sa","district","00422","387"
"1439","Phan Rang-Tháp Chàm","district","00423","393"
"1440","Huyện Bác Ái","district","00424","393"
"1441","Huyện Ninh Sơn","district","00425","393"
"1442","Huyện Ninh Hải","district","00426","393"
"1443","Huyện Ninh Phước","district","00427","393"
"1444","Huyện Thuận Bắc","district","00428","393"
"1445","Huyện Thuận Nam","district","00429","393"
"1446","TP Phan Thiết","district","00430","370"
"1447","Thị xã La Gi","district","00431","370"
"1448","Huyện Tuy Phong","district","00432","370"
"1449","Huyện Bắc Bình","district","00433","370"
"1450","Huyện Hàm Thuận Bắc","district","00434","370"
"1451","Huyện Hàm Thuận Nam","district","00435","370"
"1452","Huyện Tánh Linh","district","00436","370"
"1453","Huyện Đức Linh","district","00437","370"
"1454","Huyện Hàm Tân","district","00438","370"
"1455","Huyện Phú Quí","district","00439","370"
"1456","TP Kon Tum","district","00440","388"
"1457","Huyện Đắk Glei","district","00441","388"
"1458","Huyện Ngọc Hồi","district","00442","388"
"1459","Huyện Đắk Tô","district","00443","388"
"1460","Huyện Kon Plông","district","00444","388"
"1461","Huyện Kon Rẫy","district","00445","388"
"1462","Huyện Đắk Hà","district","00446","388"
"1463","Huyện Sa Thầy","district","00447","388"
"1464","Huyện Tu Mơ Rông","district","00448","388"
"1465","Huyện Ia H' Drai","district","00449","388"
"1466","TP Pleiku","district","00450","383"
"1467","Thị xã An Khê","district","00451","383"
"1468","Thị xã Ayun Pa","district","00452","383"
"1469","Huyện KBang","district","00453","383"
"1470","Huyện Đăk Đoa","district","00454","383"
"1471","Huyện Chư Păh","district","00455","383"
"1472","Huyện Ia Grai","district","00456","383"
"1473","Huyện Mang Yang","district","00457","383"
"1474","Huyện Kông Chro","district","00458","383"
"1475","Huyện Đức Cơ","district","00459","383"
"1476","Huyện Chư Prông","district","00460","383"
"1477","Huyện Chư Sê","district","00461","383"
"1478","Huyện Đăk Pơ","district","00462","383"
"1479","Huyện Ia Pa","district","00463","383"
"1480","Huyện Krông Pa","district","00464","383"
"1481","Huyện Phú Thiện","district","00465","383"
"1482","Huyện Chư Pưh","district","00466","383"
"1483","Buôn Ma Thuột","district","00467","405"
"1484","Thị Xã Buôn Hồ","district","00468","405"
"1485","Huyện Ea H'leo","district","00469","405"
"1486","Huyện Ea Súp","district","00470","405"
"1487","Huyện Buôn Đôn","district","00471","405"
"1488","Huyện Cư M'gar","district","00472","405"
"1489","Huyện Krông Búk","district","00473","405"
"1490","Huyện Krông Năng","district","00474","405"
"1491","Huyện Ea Kar","district","00475","405"
"1492","Huyện M'Đrắk","district","00476","405"
"1493","Huyện Krông Bông","district","00477","405"
"1494","Huyện Krông Pắc","district","00478","405"
"1495","Huyện Krông A Na","district","00479","405"
"1496","Huyện Lắk","district","00480","405"
"1497","Huyện Cư Kuin","district","00481","405"
"1498","Thị xã Gia Nghĩa","district","00482","409"
"1499","Huyện Đăk Glong","district","00483","409"
"1500","Huyện Cư Jút","district","00484","409"
"1501","Huyện Đắk Mil","district","00485","409"
"1502","Huyện Krông Nô","district","00486","409"
"1503","Huyện Đắk Song","district","00487","409"
"1504","Huyện Đắk R'Lấp","district","00488","409"
"1505","Huyện Tuy Đức","district","00489","409"
"1506","TP Đà Lạt","district","00490","390"
"1507","TP Bảo Lộc","district","00491","390"
"1508","Huyện Đam Rông","district","00492","390"
"1509","Huyện Lạc Dương","district","00493","390"
"1510","Huyện Lâm Hà","district","00494","390"
"1511","Huyện Đơn Dương","district","00495","390"
"1512","Huyện Đức Trọng","district","00496","390"
"1513","Huyện Di Linh","district","00497","390"
"1514","Huyện Đạ Huoai","district","00498","390"
"1515","Huyện Đạ Tẻh","district","00499","390"
"1516","Huyện Cát Tiên","district","00500","390"
"1517","Thị xã Phước Long","district","00501","377"
"1518","Thị xã Đồng Xoài","district","00502","377"
"1519","Thị xã Bình Long","district","00503","377"
"1520","Huyện Bù Gia Mập","district","00504","377"
"1521","Huyện Lộc Ninh","district","00505","377"
"1522","Huyện Bù Đốp","district","00506","377"
"1523","Huyện Hớn Quản","district","00507","377"
"1524","Huyện Đồng Phú","district","00508","377"
"1525","Huyện Bù Đăng","district","00509","377"
"1526","Huyện Chơn Thành","district","00510","377"
"1527","Huyện Phú Riềng","district","00511","377"
"1528","TP Tây Ninh","district","00512","402"
"1529","Huyện Tân Biên","district","00513","402"
"1530","Huyện Tân Châu","district","00514","402"
"1531","Huyện Dương Minh Châu","district","00515","402"
"1532","Huyện Châu Thành","district","00516","399"
"1533","Huyện Hòa Thành","district","00517","402"
"1534","Huyện Gò Dầu","district","00518","402"
"1535","Huyện Bến Cầu","district","00519","402"
"1536","Huyện Trảng Bàng","district","00520","402"
"1537","TP Thủ Dầu Một","district","00521","375"
"1538","Huyện Bàu Bàng","district","00522","375"
"1539","Huyện Dầu Tiếng","district","00523","375"
"1540","Thị xã Bến Cát","district","00524","375"
"1541","Huyện Phú Giáo","district","00525","375"
"1542","Thị xã Tân Uyên","district","00526","375"
"1543","Thị xã Dĩ An","district","00527","375"
"1544","Thị xã Thuận An","district","00528","375"
"1545","Huyện Bắc Tân Uyên","district","00529","375"
"1546","TP Biên Hòa","district","00530","406"
"1547","Thị xã Long Khánh","district","00531","406"
"1548","Huyện Tân Phú","district","00532","406"
"1549","Huyện Vĩnh Cửu","district","00533","406"
"1550","Huyện Định Quán","district","00534","406"
"1551","Huyện Trảng Bom","district","00535","406"
"1552","Huyện Thống Nhất","district","00536","406"
"1553","Huyện Cẩm Mỹ","district","00537","406"
"1554","Huyện Long Thành","district","00538","406"
"1555","Huyện Xuân Lộc","district","00539","406"
"1556","Huyện Nhơn Trạch","district","00540","406"
"1557","TP Vũng Tàu","district","00541","379"
"1558","TP Bà Rịa","district","00542","379"
"1559","Huyện Châu Đức","district","00543","379"
"1560","Huyện Xuyên Mộc","district","00544","379"
"1561","Huyện Long Điền","district","00545","379"
"1562","Huyện Đất Đỏ","district","00546","379"
"1563","Huyện Tân Thạnh","district","00547","389"
"1564","Quận 1","district","00548","398"
"1565","Quận 12","district","00549","398"
"1566","Quận Thủ Đức","district","00550","398"
"1567","Quận 9","district","00551","398"
"1568","Quận Gò Vấp","district","00552","398"
"1569","Quận Bình Thạnh","district","00553","398"
"1570","Quận Tân Bình","district","00554","398"
"1571","Quận Tân Phú","district","00555","398"
"1572","Quận Phú Nhuận","district","00556","398"
"1573","Quận 2","district","00557","398"
"1574","Quận 3","district","00558","398"
"1575","Quận 10","district","00559","398"
"1576","Quận 11","district","00560","398"
"1577","Quận 4","district","00561","398"
"1578","Quận 5","district","00562","398"
"1579","Quận 6","district","00563","398"
"1580","Quận 8","district","00564","398"
"1581","Quận Bình Tân","district","00565","398"
"1582","Quận 7","district","00566","398"
"1583","Huyện Củ Chi","district","00567","398"
"1584","Huyện Hóc Môn","district","00568","398"
"1585","Huyện Bình Chánh","district","00569","398"
"1586","Huyện Nhà Bè","district","00570","398"
"1587","Huyện Cần Giờ","district","00571","398"
"1588","TP Tân An","district","00572","389"
"1589","Thị xã Kiến Tường","district","00573","389"
"1590","Huyện Tân Hưng","district","00574","389"
"1591","Huyện Vĩnh Hưng","district","00575","389"
"1592","Huyện Mộc Hóa","district","00576","389"
"1593","Huyện Thạnh Hóa","district","00577","389"
"1594","Huyện Đức Huệ","district","00578","389"
"1595","Huyện Đức Hòa","district","00579","389"
"1596","Huyện Bến Lức","district","00580","389"
"1597","Huyện Thủ Thừa","district","00581","389"
"1598","Huyện Tân Trụ","district","00582","389"
"1599","Huyện Cần Đước","district","00583","389"
"1600","Huyện Cần Giuộc","district","00584","389"
"1601","TP Mỹ Tho","district","00585","400"
"1602","Thị xã Gò Công","district","00586","400"
"1603","Thị xã Cai Lậy","district","00587","400"
"1604","Huyện Tân Phước","district","00588","400"
"1605","Huyện Cái Bè","district","00589","400"
"1606","Huyện Cai Lậy","district","00590","400"
"1607","Huyện Chợ Gạo","district","00591","400"
"1608","Huyện Gò Công Tây","district","00592","400"
"1609","Huyện Gò Công Đông","district","00593","400"
"1610","Huyện Tân Phú Đông","district","00594","400"
"1611","TP Bến Tre","district","00595","378"
"1612","Huyện Chợ Lách","district","00596","378"
"1613","Huyện Mỏ Cày Nam","district","00597","378"
"1614","Huyện Giồng Trôm","district","00598","378"
"1615","Huyện Bình Đại","district","00599","378"
"1616","Huyện Ba Tri","district","00600","378"
"1617","Huyện Thạnh Phú","district","00601","378"
"1618","Huyện Mỏ Cày Bắc","district","00602","378"
"1619","TP Trà Vinh","district","00603","403"
"1620","Huyện Càng Long","district","00604","403"
"1621","Huyện Cầu Kè","district","00605","403"
"1622","Huyện Tiểu Cần","district","00606","403"
"1623","Huyện Cầu Ngang","district","00607","403"
"1624","Huyện Trà Cú","district","00608","403"
"1625","Huyện Duyên Hải","district","00609","403"
"1626","Thị xã Duyên Hải","district","00610","403"
"1627","TP Vĩnh Long","district","00611","404"
"1628","Huyện Long Hồ","district","00612","404"
"1629","Huyện Mang Thít","district","00613","404"
"1630","Huyện  Vũng Liêm","district","00614","404"
"1631","Huyện Tam Bình","district","00615","404"
"1632","Thị xã Bình Minh","district","00616","404"
"1633","Huyện Trà Ôn","district","00617","404"
"1634","Huyện Bình Tân","district","00618","404"
"1635","TP Cao Lãnh","district","00619","407"
"1636","TP Sa Đéc","district","00620","407"
"1637","Thị xã Hồng Ngự","district","00621","407"
"1638","Huyện Tân Hồng","district","00622","407"
"1639","Huyện Hồng Ngự","district","00623","407"
"1640","Huyện Tháp Mười","district","00624","407"
"1641","Huyện Cao Lãnh","district","00625","407"
"1642","Huyện Thanh Bình","district","00626","407"
"1643","Huyện Lấp Vò","district","00627","407"
"1644","Huyện Lai Vung","district","00628","407"
"1645","TP Long Xuyên","district","00629","374"
"1646","TP Châu Đốc","district","00630","374"
"1647","Huyện An Phú","district","00631","374"
"1648","Thị xã Tân Châu","district","00632","374"
"1649","Huyện Phú Tân","district","00633","381"
"1650","Huyện Châu Phú","district","00634","374"
"1651","Huyện Tịnh Biên","district","00635","374"
"1652","Huyện Tri Tôn","district","00636","374"
"1653","Huyện Thoại Sơn","district","00637","374"
"1654","TP Rạch Giá","district","00638","386"
"1655","Thị xã Hà Tiên","district","00639","386"
"1656","Huyện Kiên Lương","district","00640","386"
"1657","Huyện Hòn Đất","district","00641","386"
"1658","Huyện Tân Hiệp","district","00642","386"
"1659","Huyện Giồng Riềng","district","00643","386"
"1660","Huyện Gò Quao","district","00644","386"
"1661","Huyện An Biên","district","00645","386"
"1662","Huyện An Minh","district","00646","386"
"1663","Huyện Vĩnh Thuận","district","00647","386"
"1664","Huyện Phú Quốc","district","00648","386"
"1665","Huyện Kiên Hải","district","00649","386"
"1666","Huyện U Minh Thượng","district","00650","386"
"1667","Huyện Giang Thành","district","00651","386"
"1668","Quận Ninh Kiều","district","00652","382"
"1669","Quận Ô Môn","district","00653","382"
"1670","Quận Bình Thuỷ","district","00654","382"
"1671","Quận Cái Răng","district","00655","382"
"1672","Quận Thốt Nốt","district","00656","382"
"1673","Huyện Cờ Đỏ","district","00657","382"
"1674","Huyện Thới Lai","district","00658","382"
"1675","TP Vị Thanh","district","00659","371"
"1676","Thị xã Ngã Bảy","district","00660","371"
"1677","Huyện Châu Thành A","district","00661","371"
"1678","Huyện Phụng Hiệp","district","00662","371"
"1679","Huyện Vị Thuỷ","district","00663","371"
"1680","Huyện Long Mỹ","district","00664","371"
"1681","Thị xã Long Mỹ","district","00665","371"
"1682","TP Sóc Trăng","district","00666","399"
"1683","Huyện Kế Sách","district","00667","399"
"1684","Huyện Mỹ Tú","district","00668","399"
"1685","Huyện Cù Lao Dung","district","00669","399"
"1686","Huyện Long Phú","district","00670","399"
"1687","Huyện Mỹ Xuyên","district","00671","399"
"1688","Thị xã Ngã Năm","district","00672","399"
"1689","Thị xã Vĩnh Châu","district","00673","399"
"1690","Huyện Trần Đề","district","00674","399"
"1691","TP Bạc Liêu","district","00675","376"
"1692","Huyện Hồng Dân","district","00676","376"
"1693","Huyện Phước Long","district","00677","376"
"1694","Huyện Vĩnh Lợi","district","00678","376"
"1695","Thị xã Giá Rai","district","00679","376"
"1696","Huyện Đông Hải","district","00680","376"
"1697","Huyện Hoà Bình","district","00681","376"
"1698","TP Cà Mau","district","00682","381"
"1699","Huyện U Minh","district","00683","381"
"1700","Huyện Thới Bình","district","00684","381"
"1701","Huyện Trần Văn Thời","district","00685","381"
"1702","Huyện Cái Nước","district","00686","381"
"1703","Huyện Đầm Dơi","district","00687","381"
"1704","Huyện Năm Căn","district","00688","381"
"1705","Huyện Ngọc Hiển","district","00689","381"
