ID,Title,"Post Type",district_code,province_id
1017,"Quận Ba Đình",district,,347
1018,"Quận Hoàn Kiếm",district,,347
1019,"Quận Tây Hồ",district,,347
1020,"Quận Long Biên",district,,347
1021,"Quận Cầu Giấy",district,,347
1022,"Quận Đống Đa",district,,347
1023,"Quận Hai Bà Trưng",district,,347
1024,"Quận Hoàng Mai",district,,347
1025,"Quận Thanh Xuân",district,,347
1026,"Huyện Sóc Sơn",district,,347
1027,"Huyện Đông Anh",district,,347
1028,"Huyện Gia Lâm",district,,347
1029,"Quận Nam Từ Liêm",district,,347
1030,"Huyện Thạnh Trị",district,,399
1031,"Quận Bắc Từ Liêm",district,,347
1032,"Huyện Mê Linh",district,,347
1033,"Quận Hà Đông",district,,347
1034,"Thị xã Sơn Tây",district,,347
1035,"Huyện Ba Vì",district,,347
1036,"Huyện Phúc Thọ",district,,347
1037,"Huyện Đan Phượng",district,,347
1038,"Huyện Hoài Đức",district,,347
1039,"Huyện Quốc Oai",district,,347
1040,"Huyện Thạch Thất",district,,347
1041,"Huyện Chương Mỹ",district,,347
1042,"Huyện Thanh Oai",district,,347
1043,"Huyện Thường Tín",district,,347
1044,"Huyện Phú Xuyên",district,,347
1045,"Huyện Ứng Hòa",district,,347
1046,"Huyện Mỹ Đức",district,,347
1047,"Thị xã Hà Giang",district,,348
1048,"Huyện Đồng Văn",district,,348
1049,"Huyện Mèo Vạc",district,,348
1050,"Huyện Yên Minh",district,,348
1051,"Huyện Quản Bạ",district,,348
1052,"Huyện Vị Xuyên",district,,348
1053,"Huyện Bắc Mê",district,,348
1054,"Huyện Hoàng Su Phì",district,,348
1055,"Huyện Xín Mần",district,,348
1056,"Huyện Bắc Quang",district,,348
1057,"Huyện Quang Bình",district,,348
1058,"Cao Bằng",district,,349
1059,"Huyện Bảo Lâm",district,,390
1060,"Huyện Bảo Lạc",district,,349
1061,"Huyện Thông Nông",district,,349
1062,"Huyện Hà Quảng",district,,349
1063,"Huyện Trà Lĩnh",district,,349
1064,"Huyện Trùng Khánh",district,,349
1065,"Huyện Hạ Lang",district,,349
1066,"Huyện Quảng Uyên",district,,349
1067,"Huyện Phục Hoà",district,,349
1068,"Huyện Hoà An",district,,349
1069,"Huyện Nguyên Bình",district,,349
1070,"Huyện Thạch An",district,,349
1071,"Bắc Kạn",district,,350
1072,"Huyện Pác Nặm",district,,350
1073,"Huyện Ba Bể",district,,350
1074,"Huyện Ngân Sơn",district,,350
1075,"Huyện Bạch Thông",district,,350
1076,"Huyện Chợ Đồn",district,,350
1077,"Huyện Chợ Mới",district,,374
1078,"Huyện Na Rì",district,,350
1079,"Tuyên Quang",district,,351
1080,"Huyện Lâm Bình",district,,351
1081,"Huyện Nà Hang",district,,351
1082,"Huyện Chiêm Hóa",district,,351
1083,"Huyện Hàm Yên",district,,351
1084,"Huyện Yên Sơn",district,,351
1085,"Huyện Sơn Dương",district,,351
1086,"Lào Cai",district,,352
1087,"Huyện Bát Xát",district,,352
1088,"Huyện Mường Khương",district,,352
1089,"Huyện Si Ma Cai",district,,352
1090,"Huyện Bắc Hà",district,,352
1091,"Huyện Bảo Thắng",district,,352
1092,"Huyện Bảo Yên",district,,352
1093,"Huyện Sa Pa",district,,352
1094,"Huyện Văn Bàn",district,,352
1095,"Điện Biên Phủ",district,,353
1096,"Thị Xã Mường Lay",district,,353
1097,"Huyện Mường Nhé",district,,353
1098,"Huyện Mường Chà",district,,353
1099,"Huyện Tủa Chùa",district,,353
1100,"Huyện Tuần Giáo",district,,353
1101,"Huyện Điện Biên",district,,353
1102,"Huyện Điện Biên Đông",district,,353
1103,"Huyện Mường Ảng",district,,353
1104,"Huyện Nậm Pồ",district,,353
1105,"Lai Châu",district,,354
1106,"Huyện Tam Đường",district,,354
1107,"Huyện Mường Tè",district,,354
1108,"Huyện Sìn Hồ",district,,354
1109,"Huyện Phong Thổ",district,,354
1110,"Huyện Than Uyên",district,,354
1111,"Huyện Tân Uyên",district,,354
1112,"Huyện Nậm Nhùn",district,,354
1113,"Sơn La",district,,355
1114,"Huyện Quỳnh Nhai",district,,355
1115,"Huyện Thuận Châu",district,,355
1116,"Huyện Mường La",district,,355
1117,"Huyện Bắc Yên",district,,355
1118,"Huyện Phù Yên",district,,355
1119,"Huyện Mộc Châu",district,,355
1120,"Huyện Yên Châu",district,,355
1121,"Huyện Mai Sơn",district,,355
1122,"Huyện Sông Mã",district,,355
1123,"Huyện Sốp Cộp",district,,355
1124,"Huyện Vân Hồ",district,,355
1125,"Yên Bái",district,,356
1126,"Thị xã Nghĩa Lộ",district,,356
1127,"Huyện Lục Yên",district,,356
1128,"Huyện Văn Yên",district,,356
1129,"Huyện Mù Căng Chải",district,,356
1130,"Huyện Trấn Yên",district,,356
1131,"Huyện Trạm Tấu",district,,356
1132,"Huyện Văn Chấn",district,,356
1133,"Huyện Yên Bình",district,,356
1134,"Hòa Bình",district,,357
1135,"Huyện Đà Bắc",district,,357
1136,"Huyện Kỳ Sơn",district,,391
1137,"Huyện Lương Sơn",district,,357
1138,"Huyện Kim Bôi",district,,357
1139,"Huyện Cao Phong",district,,357
1140,"Huyện Tân Lạc",district,,357
1141,"Huyện Mai Châu",district,,357
1142,"Huyện Lạc Sơn",district,,357
1143,"Huyện Yên Thủy",district,,357
1144,"Huyện Lạc Thủy",district,,357
1145,"Thái Nguyên",district,,358
1146,"Sông Công",district,,358
1147,"Huyện Định Hóa",district,,358
1148,"Huyện Phú Lương",district,,358
1149,"Huyện Đồng Hỷ",district,,358
1150,"Huyện Võ Nhai",district,,358
1151,"Huyện Đại Từ",district,,358
1152,"Thị xã Phổ Yên",district,,358
1153,"Huyện Phú Bình",district,,358
1154,"Lạng Sơn",district,,359
1155,"Huyện Tràng Định",district,,359
1156,"Huyện Bình Gia",district,,359
1157,"Huyện Văn Lãng",district,,359
1158,"Huyện Cao Lộc",district,,359
1159,"Huyện Văn Quan",district,,359
1160,"Huyện Bắc Sơn",district,,359
1161,"Huyện Hữu Lũng",district,,359
1162,"Huyện Chi Lăng",district,,359
1163,"Huyện Lộc Bình",district,,359
1164,"Huyện Đình Lập",district,,359
1165,"Hạ Long",district,,360
1166,"Móng Cái",district,,360
1167,"Cẩm Phả",district,,360
1168,"Uông Bí",district,,360
1169,"Huyện Bình Liêu",district,,360
1170,"Huyện Tiên Yên",district,,360
1171,"Huyện Đầm Hà",district,,360
1172,"Huyện Hải Hà",district,,360
1173,"Huyện Ba Chẽ",district,,360
1174,"Huyện Vân Đồn",district,,360
1175,"Huyện Hoành Bồ",district,,360
1176,"Thị xã Đông Triều",district,,360
1177,"Thị xã Quảng Yên",district,,360
1178,"Huyện Cô Tô",district,,360
1179,"Bắc Giang",district,,361
1180,"Huyện Yên Thế",district,,361
1181,"Huyện Tân Yên",district,,361
1182,"Huyện Lạng Giang",district,,361
1183,"Huyện Lục Nam",district,,361
1184,"Huyện Lục Ngạn",district,,361
1185,"Huyện Sơn Động",district,,361
1186,"Huyện Yên Dũng",district,,361
1187,"Huyện Việt Yên",district,,361
1188,"Huyện Hiệp Hòa",district,,361
1189,"Việt Trì",district,,362
1190,"Thị xã Phú Thọ",district,,362
1191,"Huyện Đoan Hùng",district,,362
1192,"Huyện Hạ Hoà",district,,362
1193,"Huyện Thanh Ba",district,,362
1194,"Huyện Phú Ninh",district,,372
1195,"Huyện Yên Lập",district,,362
1196,"Huyện Cẩm Khê",district,,362
1197,"Huyện Tam Nông",district,,407
1198,"Huyện Lâm Thao",district,,362
1199,"Huyện Thanh Sơn",district,,362
1200,"Huyện Thanh Thuỷ",district,,362
1201,"Huyện Tân Sơn",district,,362
1202,"Vĩnh Yên",district,,363
1203,"Thị xã Phúc Yên",district,,363
1204,"Huyện Lập Thạch",district,,363
1205,"Huyện Tam Dương",district,,363
1206,"Huyện Tam Đảo",district,,363
1207,"Huyện Bình Xuyên",district,,363
1208,"Huyện Yên Lạc",district,,363
1209,"Huyện Vĩnh Tường",district,,363
1210,"Huyện Sông Lô",district,,363
1211,"Bắc Ninh",district,,364
1212,"Huyện Yên Phong",district,,364
1213,"Huyện Quế Võ",district,,364
1214,"Huyện Tiên Du",district,,364
1215,"Thị xã Từ Sơn",district,,364
1216,"Huyện Thuận Thành",district,,364
1217,"Huyện Gia Bình",district,,364
1218,"Huyện Lương Tài",district,,364
1219,"Hải Dương",district,,365
1220,"Thị xã Chí Linh",district,,365
1221,"Huyện Nam Sách",district,,365
1222,"Huyện Kinh Môn",district,,365
1223,"Huyện Kim Thành",district,,365
1224,"Huyện Thanh Hà",district,,365
1225,"Huyện Cẩm Giàng",district,,365
1226,"Huyện Bình Giang",district,,365
1227,"Huyện Gia Lộc",district,,365
1228,"Huyện Tứ Kỳ",district,,365
1229,"Huyện Ninh Giang",district,,365
1230,"Huyện Thanh Miện",district,,365
1231,"Quận Hồng Bàng",district,,366
1232,"Quận Ngô Quyền",district,,366
1233,"Quận Lê Chân",district,,366
1234,"Quận Hải An",district,,366
1235,"Quận Kiến An",district,,366
1236,"Quận Đồ Sơn",district,,366
1237,"Quận Dương Kinh",district,,366
1238,"Huyện Thuỷ Nguyên",district,,366
1239,"Huyện An Dương",district,,366
1240,"Huyện An Lão",district,,380
1241,"Huyện Kiến Thuỵ",district,,366
1242,"Huyện Tiên Lãng",district,,366
1243,"Huyện Vĩnh Bảo",district,,366
1244,"Huyện Cát Hải",district,,366
1245,"Hưng Yên",district,,367
1246,"Huyện Văn Lâm",district,,367
1247,"Huyện Văn Giang",district,,367
1248,"Huyện Yên Mỹ",district,,367
1249,"Huyện Mỹ Hào",district,,367
1250,"Huyện Ân Thi",district,,367
1251,"Huyện Khoái Châu",district,,367
1252,"Huyện Kim Động",district,,367
1253,"Huyện Tiên Lữ",district,,367
1254,"Huyện Phù Cừ",district,,367
1255,"Thái Bình",district,,368
1256,"Huyện Quỳnh Phụ",district,,368
1257,"Huyện Hưng Hà",district,,368
1258,"Huyện Đông Hưng",district,,368
1259,"Huyện Thái Thụy",district,,368
1260,"Huyện Tiền Hải",district,,368
1261,"Huyện Kiến Xương",district,,368
1262,"Huyện Vũ Thư",district,,368
1263,"Phủ Lý",district,,369
1264,"Huyện Duy Tiên",district,,369
1265,"Huyện Kim Bảng",district,,369
1266,"Huyện Thanh Liêm",district,,369
1267,"Huyện Bình Lục",district,,369
1268,"Huyện Lý Nhân",district,,369
1269,"Nam Định",district,,394
1270,"Huyện Mỹ Lộc",district,,394
1271,"Huyện Vụ Bản",district,,394
1272,"Huyện Ý Yên",district,,394
1273,"Huyện Nghĩa Hưng",district,,394
1274,"Huyện Nam Trực",district,,394
1275,"Huyện Trực Ninh",district,,394
1276,"Huyện Xuân Trường",district,,394
1277,"Huyện Giao Thủy",district,,394
1278,"Huyện Hải Hậu",district,,394
1279,"Ninh Bình",district,,392
1280,"Tam Điệp",district,,392
1281,"Huyện Nho Quan",district,,392
1282,"Huyện Gia Viễn",district,,392
1283,"Huyện Hoa Lư",district,,392
1284,"Huyện Yên Khánh",district,,392
1285,"Huyện Kim Sơn",district,,392
1286,"Huyện Yên Mô",district,,392
1287,"Thanh Hóa",district,,384
1288,"Thị xã Bỉm Sơn",district,,384
1289,"Sầm Sơn",district,,384
1290,"Huyện Mường Lát",district,,384
1291,"Huyện Quan Hóa",district,,384
1292,"Huyện Bá Thước",district,,384
1293,"Huyện Quan Sơn",district,,384
1294,"Huyện Lang Chánh",district,,384
1295,"Huyện Ngọc Lặc",district,,384
1296,"Huyện Cẩm Thủy",district,,384
1297,"Huyện Thạch Thành",district,,384
1298,"Huyện Hà Trung",district,,384
1299,"Huyện Vĩnh Lộc",district,,384
1300,"Huyện Yên Định",district,,384
1301,"Huyện Thọ Xuân",district,,384
1302,"Huyện Thường Xuân",district,,384
1303,"Huyện Triệu Sơn",district,,384
1304,"Huyện Thiệu Hóa",district,,384
1305,"Huyện Hoằng Hóa",district,,384
1306,"Huyện Hậu Lộc",district,,384
1307,"Huyện Nga Sơn",district,,384
1308,"Huyện Như Xuân",district,,384
1309,"Huyện Như Thanh",district,,384
1310,"Huyện Nông Cống",district,,384
1311,"Huyện Đông Sơn",district,,384
1312,"Huyện Quảng Xương",district,,384
1313,"Huyện Tĩnh Gia",district,,384
1314,Vinh,district,,391
1315,"Thị xã Cửa Lò",district,,391
1316,"Thị xã Thái Hoà",district,,391
1317,"Huyện Quế Phong",district,,391
1318,"Huyện Quỳ Châu",district,,391
1319,"Huyện Tương Dương",district,,391
1320,"Huyện Nghĩa Đàn",district,,391
1321,"Huyện Quỳ Hợp",district,,391
1322,"Huyện Quỳnh Lưu",district,,391
1323,"Huyện Con Cuông",district,,391
1324,"Huyện Tân Kỳ",district,,391
1325,"Huyện Anh Sơn",district,,391
1326,"Huyện Diễn Châu",district,,391
1327,"Huyện Yên Thành",district,,391
1328,"Huyện Đô Lương",district,,391
1329,"Huyện Thanh Chương",district,,391
1330,"Huyện Nghi Lộc",district,,391
1331,"Huyện Nam Đàn",district,,391
1332,"Huyện Hưng Nguyên",district,,391
1333,"Thị xã Hoàng Mai",district,,391
1334,"Hà Tĩnh",district,,385
1335,"Thị xã Hồng Lĩnh",district,,385
1336,"Huyện Hương Sơn",district,,385
1337,"Huyện Đức Thọ",district,,385
1338,"Huyện Vũ Quang",district,,385
1339,"Huyện Nghi Xuân",district,,385
1340,"Huyện Can Lộc",district,,385
1341,"Huyện Hương Khê",district,,385
1342,"Huyện Thạch Hà",district,,385
1343,"Huyện Cẩm Xuyên",district,,385
1344,"Huyện Kỳ Anh",district,,385
1345,"Huyện Lộc Hà",district,,385
1346,"Thị xã Kỳ Anh",district,,385
1347,"Đồng Hới",district,,396
1348,"Huyện Minh Hóa",district,,396
1349,"Huyện Tuyên Hóa",district,,396
1350,"Huyện Quảng Trạch",district,,396
1351,"Huyện Bố Trạch",district,,396
1352,"Huyện Quảng Ninh",district,,396
1353,"Huyện Lệ Thủy",district,,396
1354,"Thị xã Ba Đồn",district,,396
1355,"Đông Hà",district,,397
1356,"Thị xã Quảng Trị",district,,397
1357,"Huyện Vĩnh Linh",district,,397
1358,"Huyện Hướng Hóa",district,,397
1359,"Huyện Gio Linh",district,,397
1360,"Huyện Đa Krông",district,,397
1361,"Huyện Cam Lộ",district,,397
1362,"Huyện Triệu Phong",district,,397
1363,"Huyện Hải Lăng",district,,397
1364,Huế,district,,401
1365,"Huyện Phong Điền",district,,382
1366,"Huyện Quảng Điền",district,,401
1367,"Huyện Phú Vang",district,,401
1368,"Thị xã Hương Thủy",district,,401
1369,"Thị xã Hương Trà",district,,401
1370,"Huyện A Lưới",district,,401
1371,"Huyện Phú Lộc",district,,401
1372,"Huyện Nam Đông",district,,401
1373,"Quận Liên Chiểu",district,,408
1374,"Quận Thanh Khê",district,,408
1375,"Quận Hải Châu",district,,408
1376,"Quận Sơn Trà",district,,408
1377,"Quận Ngũ Hành Sơn",district,,408
1378,"Quận Cẩm Lệ",district,,408
1379,"Huyện Hòa Vang",district,,408
1380,"Tam Kỳ",district,,372
1381,"Hội An",district,,372
1382,"Huyện Tây Giang",district,,372
1383,"Huyện Đông Giang",district,,372
1384,"Huyện Đại Lộc",district,,372
1385,"Thị xã Điện Bàn",district,,372
1386,"Huyện Duy Xuyên",district,,372
1387,"Huyện Quế Sơn",district,,372
1388,"Huyện Nam Giang",district,,372
1389,"Huyện Phước Sơn",district,,372
1390,"Huyện Hiệp Đức",district,,372
1391,"Huyện Thăng Bình",district,,372
1392,"Huyện Tiên Phước",district,,372
1393,"Huyện Bắc Trà My",district,,372
1394,"Huyện Nam Trà My",district,,372
1395,"Huyện Núi Thành",district,,372
1396,"Huyện Nông Sơn",district,,372
1397,"Quảng Ngãi",district,,373
1398,"Huyện Bình Sơn",district,,373
1399,"Huyện Trà Bồng",district,,373
1400,"Huyện Tây Trà",district,,373
1401,"Huyện Sơn Tịnh",district,,373
1402,"Huyện Tư Nghĩa",district,,373
1403,"Huyện Sơn Hà",district,,373
1404,"Huyện Sơn Tây",district,,373
1405,"Huyện Minh Long",district,,373
1406,"Huyện Nghĩa Hành",district,,373
1407,"Huyện Mộ Đức",district,,373
1408,"Huyện Đức Phổ",district,,373
1409,"Huyện Ba Tơ",district,,373
1410,"Huyện Lý Sơn",district,,373
1411,"Qui Nhơn",district,,380
1412,"Huyện Hoài Nhơn",district,,380
1413,"Huyện Hoài Ân",district,,380
1414,"Huyện Phù Mỹ",district,,380
1415,"Huyện Vĩnh Thạnh",district,,382
1416,"Huyện Tây Sơn",district,,380
1417,"Huyện Phù Cát",district,,380
1418,"Thị xã An Nhơn",district,,380
1419,"Huyện Tuy Phước",district,,380
1420,"Huyện Vân Canh",district,,380
1421,"Tuy Hoà",district,,395
1422,"Thị xã Sông Cầu",district,,395
1423,"Huyện Đồng Xuân",district,,395
1424,"Huyện Tuy An",district,,395
1425,"Huyện Sơn Hòa",district,,395
1426,"Huyện Sông Hinh",district,,395
1427,"Huyện Tây Hoà",district,,395
1428,"Huyện Phú Hoà",district,,395
1429,"Huyện Đông Hòa",district,,395
1430,"Nha Trang",district,,387
1431,"Cam Ranh",district,,387
1432,"Huyện Cam Lâm",district,,387
1433,"Huyện Vạn Ninh",district,,387
1434,"Thị xã Ninh Hòa",district,,387
1435,"Huyện Khánh Vĩnh",district,,387
1436,"Huyện Diên Khánh",district,,387
1437,"Huyện Khánh Sơn",district,,387
1438,"Huyện Trường Sa",district,,387
1439,"Phan Rang-Tháp Chàm",district,,393
1440,"Huyện Bác Ái",district,,393
1441,"Huyện Ninh Sơn",district,,393
1442,"Huyện Ninh Hải",district,,393
1443,"Huyện Ninh Phước",district,,393
1444,"Huyện Thuận Bắc",district,,393
1445,"Huyện Thuận Nam",district,,393
1446,"Phan Thiết",district,,370
1447,"Thị xã La Gi",district,,370
1448,"Huyện Tuy Phong",district,,370
1449,"Huyện Bắc Bình",district,,370
1450,"Huyện Hàm Thuận Bắc",district,,370
1451,"Huyện Hàm Thuận Nam",district,,370
1452,"Huyện Tánh Linh",district,,370
1453,"Huyện Đức Linh",district,,370
1454,"Huyện Hàm Tân",district,,370
1455,"Huyện Phú Quí",district,,370
1456,"Kon Tum",district,,388
1457,"Huyện Đắk Glei",district,,388
1458,"Huyện Ngọc Hồi",district,,388
1459,"Huyện Đắk Tô",district,,388
1460,"Huyện Kon Plông",district,,388
1461,"Huyện Kon Rẫy",district,,388
1462,"Huyện Đắk Hà",district,,388
1463,"Huyện Sa Thầy",district,,388
1464,"Huyện Tu Mơ Rông",district,,388
1465,"Huyện Ia H' Drai",district,,388
1466,Pleiku,district,,383
1467,"Thị xã An Khê",district,,383
1468,"Thị xã Ayun Pa",district,,383
1469,"Huyện KBang",district,,383
1470,"Huyện Đăk Đoa",district,,383
1471,"Huyện Chư Păh",district,,383
1472,"Huyện Ia Grai",district,,383
1473,"Huyện Mang Yang",district,,383
1474,"Huyện Kông Chro",district,,383
1475,"Huyện Đức Cơ",district,,383
1476,"Huyện Chư Prông",district,,383
1477,"Huyện Chư Sê",district,,383
1478,"Huyện Đăk Pơ",district,,383
1479,"Huyện Ia Pa",district,,383
1480,"Huyện Krông Pa",district,,383
1481,"Huyện Phú Thiện",district,,383
1482,"Huyện Chư Pưh",district,,383
1483,"Buôn Ma Thuột",district,,405
1484,"Thị Xã Buôn Hồ",district,,405
1485,"Huyện Ea H'leo",district,,405
1486,"Huyện Ea Súp",district,,405
1487,"Huyện Buôn Đôn",district,,405
1488,"Huyện Cư M'gar",district,,405
1489,"Huyện Krông Búk",district,,405
1490,"Huyện Krông Năng",district,,405
1491,"Huyện Ea Kar",district,,405
1492,"Huyện M'Đrắk",district,,405
1493,"Huyện Krông Bông",district,,405
1494,"Huyện Krông Pắc",district,,405
1495,"Huyện Krông A Na",district,,405
1496,"Huyện Lắk",district,,405
1497,"Huyện Cư Kuin",district,,405
1498,"Thị xã Gia Nghĩa",district,,409
1499,"Huyện Đăk Glong",district,,409
1500,"Huyện Cư Jút",district,,409
1501,"Huyện Đắk Mil",district,,409
1502,"Huyện Krông Nô",district,,409
1503,"Huyện Đắk Song",district,,409
1504,"Huyện Đắk R'Lấp",district,,409
1505,"Huyện Tuy Đức",district,,409
1506,"Đà Lạt",district,,390
1507,"Bảo Lộc",district,,390
1508,"Huyện Đam Rông",district,,390
1509,"Huyện Lạc Dương",district,,390
1510,"Huyện Lâm Hà",district,,390
1511,"Huyện Đơn Dương",district,,390
1512,"Huyện Đức Trọng",district,,390
1513,"Huyện Di Linh",district,,390
1514,"Huyện Đạ Huoai",district,,390
1515,"Huyện Đạ Tẻh",district,,390
1516,"Huyện Cát Tiên",district,,390
1517,"Thị xã Phước Long",district,,377
1518,"Thị xã Đồng Xoài",district,,377
1519,"Thị xã Bình Long",district,,377
1520,"Huyện Bù Gia Mập",district,,377
1521,"Huyện Lộc Ninh",district,,377
1522,"Huyện Bù Đốp",district,,377
1523,"Huyện Hớn Quản",district,,377
1524,"Huyện Đồng Phú",district,,377
1525,"Huyện Bù Đăng",district,,377
1526,"Huyện Chơn Thành",district,,377
1527,"Huyện Phú Riềng",district,,377
1528,"Tây Ninh",district,,402
1529,"Huyện Tân Biên",district,,402
1530,"Huyện Tân Châu",district,,402
1531,"Huyện Dương Minh Châu",district,,402
1532,"Huyện Châu Thành",district,,399
1533,"Huyện Hòa Thành",district,,402
1534,"Huyện Gò Dầu",district,,402
1535,"Huyện Bến Cầu",district,,402
1536,"Huyện Trảng Bàng",district,,402
1537,"Thủ Dầu Một",district,,375
1538,"Huyện Bàu Bàng",district,,375
1539,"Huyện Dầu Tiếng",district,,375
1540,"Thị xã Bến Cát",district,,375
1541,"Huyện Phú Giáo",district,,375
1542,"Thị xã Tân Uyên",district,,375
1543,"Thị xã Dĩ An",district,,375
1544,"Thị xã Thuận An",district,,375
1545,"Huyện Bắc Tân Uyên",district,,375
1546,"Biên Hòa",district,,406
1547,"Thị xã Long Khánh",district,,406
1548,"Huyện Tân Phú",district,,406
1549,"Huyện Vĩnh Cửu",district,,406
1550,"Huyện Định Quán",district,,406
1551,"Huyện Trảng Bom",district,,406
1552,"Huyện Thống Nhất",district,,406
1553,"Huyện Cẩm Mỹ",district,,406
1554,"Huyện Long Thành",district,,406
1555,"Huyện Xuân Lộc",district,,406
1556,"Huyện Nhơn Trạch",district,,406
1557,"Vũng Tàu",district,,379
1558,"Bà Rịa",district,,379
1559,"Huyện Châu Đức",district,,379
1560,"Huyện Xuyên Mộc",district,,379
1561,"Huyện Long Điền",district,,379
1562,"Huyện Đất Đỏ",district,,379
1563,"Huyện Tân Thạnh",district,,389
1564,"Quận 1",district,,398
1565,"Quận 12",district,,398
1566,"Quận Thủ Đức",district,,398
1567,"Quận 9",district,,398
1568,"Quận Gò Vấp",district,,398
1569,"Quận Bình Thạnh",district,,398
1570,"Quận Tân Bình",district,,398
1571,"Quận Tân Phú",district,,398
1572,"Quận Phú Nhuận",district,,398
1573,"Quận 2",district,,398
1574,"Quận 3",district,,398
1575,"Quận 10",district,,398
1576,"Quận 11",district,,398
1577,"Quận 4",district,,398
1578,"Quận 5",district,,398
1579,"Quận 6",district,,398
1580,"Quận 8",district,,398
1581,"Quận Bình Tân",district,,398
1582,"Quận 7",district,,398
1583,"Huyện Củ Chi",district,,398
1584,"Huyện Hóc Môn",district,,398
1585,"Huyện Bình Chánh",district,,398
1586,"Huyện Nhà Bè",district,,398
1587,"Huyện Cần Giờ",district,,398
1588,"Tân An",district,,389
1589,"Thị xã Kiến Tường",district,,389
1590,"Huyện Tân Hưng",district,,389
1591,"Huyện Vĩnh Hưng",district,,389
1592,"Huyện Mộc Hóa",district,,389
1593,"Huyện Thạnh Hóa",district,,389
1594,"Huyện Đức Huệ",district,,389
1595,"Huyện Đức Hòa",district,,389
1596,"Huyện Bến Lức",district,,389
1597,"Huyện Thủ Thừa",district,,389
1598,"Huyện Tân Trụ",district,,389
1599,"Huyện Cần Đước",district,,389
1600,"Huyện Cần Giuộc",district,,389
1601,"Mỹ Tho",district,,400
1602,"Thị xã Gò Công",district,,400
1603,"Thị xã Cai Lậy",district,,400
1604,"Huyện Tân Phước",district,,400
1605,"Huyện Cái Bè",district,,400
1606,"Huyện Cai Lậy",district,,400
1607,"Huyện Chợ Gạo",district,,400
1608,"Huyện Gò Công Tây",district,,400
1609,"Huyện Gò Công Đông",district,,400
1610,"Huyện Tân Phú Đông",district,,400
1611,"Bến Tre",district,,378
1612,"Huyện Chợ Lách",district,,378
1613,"Huyện Mỏ Cày Nam",district,,378
1614,"Huyện Giồng Trôm",district,,378
1615,"Huyện Bình Đại",district,,378
1616,"Huyện Ba Tri",district,,378
1617,"Huyện Thạnh Phú",district,,378
1618,"Huyện Mỏ Cày Bắc",district,,378
1619,"Trà Vinh",district,,403
1620,"Huyện Càng Long",district,,403
1621,"Huyện Cầu Kè",district,,403
1622,"Huyện Tiểu Cần",district,,403
1623,"Huyện Cầu Ngang",district,,403
1624,"Huyện Trà Cú",district,,403
1625,"Huyện Duyên Hải",district,,403
1626,"Thị xã Duyên Hải",district,,403
1627,"Vĩnh Long",district,,404
1628,"Huyện Long Hồ",district,,404
1629,"Huyện Mang Thít",district,,404
1630,"Huyện  Vũng Liêm",district,,404
1631,"Huyện Tam Bình",district,,404
1632,"Thị xã Bình Minh",district,,404
1633,"Huyện Trà Ôn",district,,404
1634,"Huyện Bình Tân",district,,404
1635,"Cao Lãnh",district,,407
1636,"Sa Đéc",district,,407
1637,"Thị xã Hồng Ngự",district,,407
1638,"Huyện Tân Hồng",district,,407
1639,"Huyện Hồng Ngự",district,,407
1640,"Huyện Tháp Mười",district,,407
1641,"Huyện Cao Lãnh",district,,407
1642,"Huyện Thanh Bình",district,,407
1643,"Huyện Lấp Vò",district,,407
1644,"Huyện Lai Vung",district,,407
1645,"Long Xuyên",district,,374
1646,"Châu Đốc",district,,374
1647,"Huyện An Phú",district,,374
1648,"Thị xã Tân Châu",district,,374
1649,"Huyện Phú Tân",district,,381
1650,"Huyện Châu Phú",district,,374
1651,"Huyện Tịnh Biên",district,,374
1652,"Huyện Tri Tôn",district,,374
1653,"Huyện Thoại Sơn",district,,374
1654,"Rạch Giá",district,,386
1655,"Thị xã Hà Tiên",district,,386
1656,"Huyện Kiên Lương",district,,386
1657,"Huyện Hòn Đất",district,,386
1658,"Huyện Tân Hiệp",district,,386
1659,"Huyện Giồng Riềng",district,,386
1660,"Huyện Gò Quao",district,,386
1661,"Huyện An Biên",district,,386
1662,"Huyện An Minh",district,,386
1663,"Huyện Vĩnh Thuận",district,,386
1664,"Huyện Phú Quốc",district,,386
1665,"Huyện Kiên Hải",district,,386
1666,"Huyện U Minh Thượng",district,,386
1667,"Huyện Giang Thành",district,,386
1668,"Quận Ninh Kiều",district,,382
1669,"Quận Ô Môn",district,,382
1670,"Quận Bình Thuỷ",district,,382
1671,"Quận Cái Răng",district,,382
1672,"Quận Thốt Nốt",district,,382
1673,"Huyện Cờ Đỏ",district,,382
1674,"Huyện Thới Lai",district,,382
1675,"Vị Thanh",district,,371
1676,"Thị xã Ngã Bảy",district,,371
1677,"Huyện Châu Thành A",district,,371
1678,"Huyện Phụng Hiệp",district,,371
1679,"Huyện Vị Thuỷ",district,,371
1680,"Huyện Long Mỹ",district,,371
1681,"Thị xã Long Mỹ",district,,371
1682,"Sóc Trăng",district,,399
1683,"Huyện Kế Sách",district,,399
1684,"Huyện Mỹ Tú",district,,399
1685,"Huyện Cù Lao Dung",district,,399
1686,"Huyện Long Phú",district,,399
1687,"Huyện Mỹ Xuyên",district,,399
1688,"Thị xã Ngã Năm",district,,399
1689,"Thị xã Vĩnh Châu",district,,399
1690,"Huyện Trần Đề",district,,399
1691,"Bạc Liêu",district,,376
1692,"Huyện Hồng Dân",district,,376
1693,"Huyện Phước Long",district,,376
1694,"Huyện Vĩnh Lợi",district,,376
1695,"Thị xã Giá Rai",district,,376
1696,"Huyện Đông Hải",district,,376
1697,"Huyện Hoà Bình",district,,376
1698,"Cà Mau",district,,381
1699,"Huyện U Minh",district,,381
1700,"Huyện Thới Bình",district,,381
1701,"Huyện Trần Văn Thời",district,,381
1702,"Huyện Cái Nước",district,,381
1703,"Huyện Đầm Dơi",district,,381
1704,"Huyện Năm Căn",district,,381
1705,"Huyện Ngọc Hiển",district,,381
